floatMonth,layerCenter,GroupCount,mean_temp,std_temp,se
1,4.99,105,18.4168190638224,1.84828093272985,0.180373749708044
1,14.97,101,18.3892376588123,1.78475867906666,0.177590126122138
1,24.95,93,18.2924300983388,1.86683223097558,0.193581484568751
1,34.93,92,17.9836848300436,2.06643737274353,0.215440988981629
1,44.91,96,17.5172707835833,2.11736176882304,0.216102330603887
1,54.89,94,16.9402340625195,2.02482630066504,0.208844886648952
1,64.87,93,16.345075227881,1.99989531725332,0.207379483850927
1,74.85,92,15.8743913070015,2.03427167966175,0.212087483658786
1,84.83,90,15.5078333536784,1.93048219965153,0.203490691110358
1,94.81,93,15.1910752737394,1.83130211203406,0.189897182863712
1,104.79,93,14.8455483836512,1.80048844362424,0.18670195429587
1,114.77,90,14.6023667229546,1.78822646394129,0.188495619941448
1,124.75,92,14.3730869396873,1.70652411353189,0.177917437803686
1,134.73,93,14.2015914199173,1.66764952863991,0.172927200493955
1,144.71,91,13.9129889980777,1.58925482389284,0.166599173357403
1,154.69,93,13.7432258052211,1.59146848316907,0.165027594073223
1,164.67,89,13.4833483535252,1.58475519806561,0.167983715027861
1,174.65,92,13.3528152341428,1.51841529314355,0.158305737572564
1,184.63,93,13.1898601696055,1.45016816852076,0.150375433999172
1,194.61,94,12.9753723245986,1.39034778835046,0.143403424859359
1,204.59,90,12.8539444499546,1.3531382763403,0.142633298079656
1,214.57,92,12.6583695515342,1.30757980825433,0.136324618775507
1,224.55,91,12.506197814103,1.28915755709247,0.13514043192455
1,234.53,94,12.3584148934547,1.24876454230444,0.128800228050744
1,244.51,91,12.1886923024943,1.24093121668307,0.130084937786374
1,254.49,92,12.0503586997157,1.20943269952662,0.12609207534163
1,264.47,91,11.9344395857591,1.18342769669015,0.124056930979703
1,274.45,92,11.7989673303521,1.1341386671784,0.118242129823087
1,284.43,93,11.6858817479944,1.08336463564531,0.112339679494342
1,294.41,88,11.5917158885436,1.03541585866081,0.110375701396223
1,304.39,92,11.44703260712,0.98941438196678,0.103153580057723
1,314.37,89,11.3397640592597,0.947382557495885,0.100422350250064
1,324.35,93,11.1574945449829,0.933779953986956,0.0968284705792073
1,334.33,89,11.1095505725132,0.882964221735187,0.0935940203160764
1,344.31,91,10.9306154355898,0.867225263254817,0.0909099093492198
1,354.29,89,10.8485842608334,0.872007495684405,0.0924326096775125
1,364.27,85,10.6921882517198,0.818375547092332,0.0887652910491664
1,374.25,87,10.6463103568417,0.824549594701739,0.0884009956075157
1,384.23,85,10.477447049758,0.755239555320049,0.0819172312491683
1,394.21,81,10.4056296289703,0.723210877856971,0.0803567642063301
1,404.19,91,10.2663956212473,0.756992172562117,0.0793543416014049
1,414.17,80,10.1982750415802,0.684378904435243,0.0765158876342017
1,424.15,90,10.0588332811991,0.705293445926078,0.074344456930507
1,434.13,80,9.97624998092651,0.670805086219574,0.0749982886219788
1,444.11,83,9.87127711973995,0.637219116581996,0.069943884782907
1,454.09,89,9.76734832163607,0.64076645950118,0.0679211088650432
1,464.07,82,9.68415854616863,0.593158421023694,0.0655033896377929
1,474.05,87,9.59344828813926,0.602063555536819,0.0645479884660035
1,484.03,83,9.49759037523385,0.530350561406814,0.0582135369079358
1,494.01,80,9.42386248111725,0.500220424752921,0.0559263436740674
1,503.99,92,9.29832606730254,0.496455887460997,0.0517591042395574
1,513.97,80,9.25893748998642,0.433603692617022,0.0484783665993293
1,523.95,87,9.15287356541075,0.4447963527117,0.0476871745192347
1,533.93,80,9.10196254253387,0.401049893284511,0.0448387411876601
1,543.91,80,9.02207498550415,0.374442474518627,0.0418639413343441
1,553.89,92,8.92430437129477,0.408667751566789,0.0426065583809856
1,563.87,80,8.88971245288849,0.349497319812481,0.0390749882527346
1,573.85,87,8.78958624258809,0.380684278976699,0.0408136387306607
1,583.83,80,8.75385010242462,0.314483217477089,0.035160292603081
1,593.81,80,8.70998743772507,0.313305837387189,0.0350286575072624
1,603.79,92,8.61040219534998,0.396890926292819,0.0413787394702584
1,613.77,80,8.58677496314049,0.339263724235904,0.0379308374845612
1,623.75,87,8.49649426580846,0.406803287449607,0.0436138903687946
1,633.73,80,8.47613751292229,0.36572616403181,0.0408894281962683
1,643.71,80,8.40972497463226,0.374582851825892,0.0418796359944213
1,653.69,92,8.28493476432303,0.435510497693772,0.0454051081211609
1,663.67,80,8.25618751645088,0.371970133772432,0.0415875252357424
1,673.65,80,8.19668751358986,0.381748550664728,0.0426807854799177
1,683.63,80,8.12683750391006,0.408711226234239,0.0456953042513527
1,693.61,80,8.04946250319481,0.425911007159013,0.0476182982186476
1,703.59,92,7.91939128481823,0.496208417846254,0.0517333037486999
1,713.57,80,7.91353749036789,0.442518792391199,0.0494751050553918
1,723.55,80,7.84002503752708,0.443460088873082,0.0495803452014154
1,733.53,80,7.76151248216629,0.456246489947439,0.0510099083009074
1,743.51,80,7.67260000109673,0.463326118164938,0.0518014347983951
1,753.49,92,7.5323804565098,0.525227692087356,0.0547587722310724
1,763.47,80,7.52386254072189,0.492601822798213,0.0550745580808555
1,773.45,80,7.44217500686645,0.499459666831456,0.0558412883527267
1,783.43,80,7.36693748831749,0.493692592092511,0.0551965097953464
1,793.41,80,7.29333750605583,0.486043476309944,0.0543413126524672
1,803.39,92,7.13921739744104,0.520685198044279,0.0542851844891974
1,813.37,80,7.1231124997139,0.484233283700579,0.0541389269661218
1,823.35,80,7.02456248998642,0.476628586620408,0.053288695985144
1,833.33,80,6.93576250076294,0.471984986773445,0.0527695257392381
1,843.31,81,6.86412346215896,0.455779786967784,0.050642198551976
1,853.29,91,6.71908792558607,0.490081445679063,0.0513744948264118
1,863.27,80,6.70061247944832,0.45581927168313,0.0509621438468962
1,873.25,80,6.61345000863075,0.445003036268751,0.0497528519645366
1,883.23,80,6.53779999613762,0.44008075530645,0.0492025242227336
1,893.21,80,6.46802498698235,0.434610858344147,0.0485909711508522
1,903.19,92,6.32614130040874,0.462603513977004,0.0482297503288294
1,913.17,79,6.30036706562284,0.419291256230889,0.0471739519349446
1,923.15,78,6.23557691696363,0.413171394168376,0.0467824480782357
1,933.13,80,6.1468624830246,0.403017522971714,0.0450587288744168
1,943.11,81,6.06908642215493,0.415108775217599,0.0461231972463999
1,953.09,89,5.9671011399687,0.428761207193803,0.0454485970654399
1,963.07,80,5.92140001654625,0.402412996438353,0.0449911407532769
1,973.05,80,5.83978750705719,0.402485182448423,0.044999211394554
1,983.03,77,5.75251948369014,0.402922473741229,0.0459172773760938
1,993.01,78,5.69956412682166,0.407815362084642,0.0461759968659803
1,1002.99,89,5.56910111930933,0.410950530554332,0.0435606691175081
1,1012.97,79,5.54678481741797,0.402748450984573,0.0453127409319441
1,1022.95,80,5.4728374838829,0.399579014841371,0.0446742919783852
1,1032.93,80,5.41098751425743,0.387671676709004,0.0433430111036328
1,1042.91,80,5.34350000619888,0.37432988734075,0.0418513537051878
1,1052.89,91,5.23976923345209,0.384331047737265,0.0402888409624422
1,1062.87,80,5.19707499742508,0.37334729461796,0.04174149649907
1,1072.85,80,5.14067499041557,0.362369783744201,0.0405141734721966
1,1082.83,79,5.07427852365035,0.351530456495314,0.039550266340988
1,1092.81,80,5.01508748531342,0.338812741179067,0.0378804160459718
1,1102.79,90,4.93131110403273,0.332396875804315,0.035037707155525
1,1112.77,79,4.88587339618538,0.338895581829509,0.0381287318793666
1,1122.75,80,4.82013751864433,0.33878751048531,0.0378775951686538
1,1132.73,80,4.75626251101494,0.323525846628948,0.036171289277025
1,1142.71,80,4.68700001239777,0.313987921200147,0.0351049167958688
1,1152.69,90,4.61572221914927,0.307409109564401,0.032403765323592
1,1162.67,79,4.56744305091568,0.309328313554013,0.0348021542993472
1,1172.65,80,4.50464999973774,0.305713017479193,0.0341797544345029
1,1182.63,80,4.44426248371601,0.300032070057263,0.0335446052039009
1,1192.61,80,4.39571254849434,0.29422396428168,0.0328952392371653
1,1202.59,90,4.33156665960948,0.276762705309882,0.0291733506723068
1,1212.57,80,4.29110001027584,0.274652385732612,0.0307070702340307
1,1222.55,80,4.23280000686646,0.262494390203084,0.0293477650103225
1,1232.53,80,4.18881248831749,0.251173236926151,0.0280820215947767
1,1242.51,80,4.14094999134541,0.254544370265414,0.0284589257601671
1,1252.49,90,4.08937777943081,0.251445912337906,0.0265047263775606
1,1262.47,80,4.0535874992609,0.245538052755947,0.0274519888512613
1,1272.45,80,4.01432498991489,0.245930995579691,0.0274959211945195
1,1282.43,80,3.96548748910427,0.244803356833763,0.0273698473500216
1,1292.41,80,3.92785001695156,0.238323052238246,0.0266453272704976
1,1302.39,90,3.88163333204057,0.235226748701288,0.0247950764164041
1,1312.37,80,3.8523874938488,0.227735935029275,0.0254616515822467
1,1322.35,80,3.81547500491142,0.221997313427959,0.0248200541823621
1,1332.33,80,3.77721249461174,0.215613024788594,0.0241062690130822
1,1342.31,80,3.73858749866486,0.215950468818709,0.0241439964025791
1,1352.29,90,3.68825554582808,0.213112858558964,0.0224640677238545
1,1362.27,80,3.66855000853539,0.209273112072178,0.0233974452228161
1,1372.25,80,3.63681250810623,0.198641719856307,0.0222088194383087
1,1382.23,80,3.59910000860691,0.188530332563431,0.0210783319716237
1,1392.21,80,3.56328749358654,0.184699357419058,0.0206500159294772
1,1402.19,90,3.51968889766269,0.18716078998621,0.0197284795010952
1,1412.17,80,3.49917500317097,0.176336616496476,0.0197150330704215
1,1422.15,80,3.46925001442432,0.176090763632973,0.0196875458846588
1,1432.13,80,3.441412499547,0.173589789537048,0.0194079284802361
1,1442.11,80,3.40888748466969,0.170303078863324,0.019040463055795
1,1452.09,90,3.37325554688772,0.179400410182065,0.0189104636447929
1,1462.07,80,3.35810000896454,0.172961517333908,0.0193376855125064
1,1472.05,80,3.3263749986887,0.170257987471431,0.0190354216849214
1,1482.03,80,3.28927499651909,0.166815048312005,0.0186504893847778
1,1492.01,80,3.25486249625683,0.165084299546448,0.0184569857901897
1,1501.99,90,3.21982220808665,0.166359998908928,0.017535883603178
1,1511.97,80,3.20001249909401,0.160205757199376,0.0179115481742316
1,1521.95,80,3.18002500832081,0.159002580052213,0.0177770288797301
1,1531.93,80,3.15856250226498,0.158034121922832,0.0176687519691972
1,1541.91,80,3.13453750014305,0.158347864343741,0.017703829438226
1,1551.89,82,3.10731708131185,0.154197546553488,0.0170282703828989
1,1561.87,80,3.09104999899864,0.150883558134372,0.0168692946337749
1,1571.85,80,3.06827501356602,0.149420401380888,0.0167057087356485
1,1581.83,80,3.04211249649525,0.143007125029301,0.0159886826416165
1,1591.81,80,3.02033750116825,0.140159657457109,0.0156703260888591
1,1601.79,90,2.99714444213443,0.143145044021713,0.0150888124957894
1,1611.77,80,2.98157501220703,0.134384186287323,0.0150246087819725
1,1621.75,80,2.96456249654293,0.132791430139599,0.0148465332310779
1,1631.73,80,2.94473749101162,0.131595537246587,0.0147128283409487
1,1641.71,80,2.92411251068115,0.124447339983031,0.0139136355910543
1,1651.69,82,2.89675610239913,0.114461441936082,0.0126401517097289
1,1661.67,80,2.88120000064373,0.110283906920005,0.0123301156348695
1,1671.65,80,2.85926250219345,0.105263846776785,0.0117688558483006
1,1681.63,80,2.84197499752045,0.100160373961085,0.0111982702414393
1,1691.61,80,2.82483750283718,0.0971455109160244,0.0108611983058589
1,1701.59,90,2.80266667736901,0.101222186896392,0.0106697553445283
1,1711.57,80,2.79247500002384,0.0910771045639261,0.0101827298499398
1,1721.55,80,2.77738750874996,0.0873679101061063,0.00976802930246723
1,1731.53,80,2.75986249148846,0.0840326627826319,0.00939513731561408
1,1741.51,80,2.74220000207424,0.0802602399481718,0.00897336762072782
1,1751.49,82,2.72397560317342,0.0804177261580485,0.0088806522231024
1,1761.47,80,2.70990000963211,0.0758171717945959,0.00847661749972481
1,1771.45,80,2.69195000827312,0.0732864890360923,0.00819367856584977
1,1781.43,80,2.67491250038147,0.0708480595758031,0.00792105386427253
1,1791.41,80,2.65830000638962,0.0715172518855582,0.00799587183900415
1,1801.39,90,2.6417888879776,0.0804500778637479,0.00848018279957788
1,1811.37,80,2.62698749601841,0.0732974664551203,0.00819490587860798
1,1821.35,80,2.61394999921322,0.0728646966863681,0.00814652074753114
1,1831.33,80,2.60216250121593,0.0701604733964607,0.00784417939240258
1,1841.31,80,2.58939999639988,0.0680336030057025,0.00760638805374923
1,1851.29,82,2.57429267429724,0.06829393662972,0.00754180364367884
1,1861.27,80,2.56488750576973,0.0659017143441565,0.00736803565536535
1,1871.25,80,2.55231250226498,0.0638490329739942,0.00713853890137383
1,1881.23,80,2.54053750634193,0.062118291682439,0.00694503614240467
1,1891.21,80,2.52922500371933,0.0626505265340046,0.00700454180780943
1,1901.19,90,2.51426665782928,0.0706670950883911,0.00744896587023379
1,1911.17,78,2.50191025550549,0.0615596480995947,0.0069702575773194
1,1921.15,79,2.49140506454661,0.0613049329735341,0.00689734383556041
1,1931.13,80,2.48011249899864,0.0601140306220753,0.00672095294362321
1,1941.11,83,2.46589158529259,0.0661437975871313,0.00726022499505933
1,1951.09,82,2.45965853842293,0.0604885779986875,0.00667984597849245
1,1961.07,79,2.4513291135619,0.0564911463066304,0.00635575052190317
1,1971.05,80,2.44041248857975,0.0590249163567194,0.00659918626699319
1,1981.03,71,2.43209859015236,0.061361722505414,0.00728229667846063
1,1991.01,57,2.43684211530183,0.0492659631561716,0.00652543623023236
1,2000.99,30,2.45083332856496,0.0437257251856105,0.00798318867581022
1,2010.97,8,2.45687499642372,0.0437442018435219,0.0154659108805737
2,4.99,82,18.3417317111318,1.54890715086748,0.171048180418539
2,14.97,79,18.195088567613,1.62500230890342,0.182827043672409
2,24.95,67,18.0030148918949,1.82996253983303,0.223565506684254
2,34.93,72,17.9479305611716,1.83936589577282,0.216771349664038
2,44.91,71,17.5150703913729,1.86160163237561,0.220931467216711
2,54.89,67,17.2063134321526,1.86667928721716,0.228051171310745
2,64.87,67,16.766447778958,1.81674907967787,0.221951225599074
2,74.85,65,16.1345846469586,1.65315837367928,0.205049060113238
2,84.83,65,15.6435691833496,1.59205002144091,0.197469501862167
2,94.81,64,15.3142812252045,1.53071213415396,0.191339016769245
2,104.79,68,14.872220474131,1.51231911315482,0.183395630681698
2,114.77,65,14.5401539142315,1.49899425950986,0.185927355129053
2,124.75,67,14.2094180121351,1.44776295271176,0.176872395492439
2,134.73,64,13.887984290719,1.54860706751601,0.193575883439502
2,144.71,67,13.7061194377159,1.46261435319688,0.17868678283762
2,154.69,65,13.5137999901405,1.46238114974738,0.181386057777178
2,164.67,66,13.2831969839154,1.42001501753996,0.174791765722037
2,174.65,66,13.0846211982496,1.34932803867356,0.166090800100548
2,184.63,66,12.839181842226,1.34338160694349,0.165358844952886
2,194.61,66,12.6683787721576,1.29255668463682,0.159102729487249
2,204.59,65,12.5116615588848,1.25718772729099,0.155934946083348
2,214.57,64,12.3921405673027,1.23059074426932,0.153823843033664
2,224.55,66,12.1910909016927,1.24180313965456,0.152855399962896
2,234.53,64,12.0757812708616,1.23869062406537,0.154836328008171
2,244.51,66,11.8940454829823,1.26706560255022,0.155964994186534
2,254.49,64,11.7977187633514,1.28152538198515,0.160190672748144
2,264.47,66,11.6174545577078,1.27817335617417,0.157332264141537
2,274.45,64,11.5366874784231,1.25397959019095,0.156747448773869
2,284.43,66,11.3706363764676,1.21307840163981,0.149319629132671
2,294.41,61,11.3068196499934,1.18893792132729,0.152227901880649
2,304.39,66,11.0784999240528,1.14555941806791,0.141008616775396
2,314.37,62,11.0662742583982,1.13296660247523,0.143886902401329
2,324.35,63,10.8346666457161,1.05787194753992,0.133279337721057
2,334.33,63,10.7717460299295,1.06652869346101,0.134369985191071
2,344.31,64,10.6385937333107,1.05977315900301,0.132471644875376
2,354.29,61,10.5677049668109,1.04393832948358,0.133662606549437
2,364.27,61,10.3605245996694,1.02441261624587,0.131162595148016
2,374.25,60,10.345533323288,1.00293795344504,0.129478733032399
2,384.23,59,10.1636101835865,0.998178550954958,0.129951778513243
2,394.21,55,10.1185454108498,0.9795149080125,0.132077763252545
2,404.19,66,9.94446971199729,0.900864753053874,0.11088878562413
2,414.17,55,9.90110908855091,0.909607286399189,0.122651421477179
2,424.15,63,9.7889047652956,0.875007910256886,0.110240634559716
2,434.13,56,9.72578568117959,0.864021780998876,0.115459767114572
2,444.11,57,9.63715785846376,0.812071971449135,0.107561560244998
2,454.09,63,9.56399999346052,0.762944326655217,0.0961219501198729
2,464.07,58,9.50401728728722,0.746454433327027,0.0980142689324975
2,474.05,60,9.45193330446879,0.712026791700515,0.091922263543653
2,484.03,58,9.36363790775168,0.696340624301291,0.0914340034323147
2,494.01,55,9.32969091588801,0.66570135131585,0.0897631518997481
2,503.99,66,9.19875759066957,0.60998134885531,0.0750835137001847
2,513.97,55,9.19040007157759,0.597988086926266,0.0806326971920691
2,523.95,60,9.11901671091715,0.573537955749936,0.074043431701245
2,533.93,55,9.06510909687389,0.549570047094646,0.0741040100330256
2,543.91,55,9.00559997558594,0.532543300165771,0.0718081239454968
2,553.89,66,8.89692430785208,0.489617656924327,0.0602677674006228
2,563.87,55,8.86880000721325,0.488532647685303,0.0658737287756469
2,573.85,60,8.7776833375295,0.458132397979412,0.0591446382577443
2,583.83,55,8.73432724692605,0.436668779374382,0.05888040619924
2,593.81,55,8.68141822814941,0.425997537970086,0.0574414963018224
2,603.79,66,8.61121213797367,0.388337545730574,0.0478010475072312
2,613.77,55,8.59943628311157,0.41232856417447,0.0555983722512187
2,623.75,60,8.53628334999084,0.416934780924726,0.05382604876587
2,633.73,55,8.48356360522184,0.404935487696313,0.0546014900222681
2,643.71,55,8.44078176671808,0.40047088163122,0.0539994826632604
2,653.69,66,8.33954543778391,0.383329131978268,0.0471845543910184
2,663.67,55,8.29418179772117,0.411287409141618,0.0554579829352283
2,673.65,55,8.23967273885554,0.423921779794592,0.0571616011265373
2,683.63,55,8.16854548887773,0.431602853601216,0.0581973169073365
2,693.61,55,8.09890912662853,0.450052490697545,0.0606850654659048
2,703.59,66,7.99354545997851,0.44091038420043,0.0542723165795014
2,713.57,55,7.93083639144897,0.48273014492771,0.0650913194634246
2,723.55,55,7.84570908112959,0.49696480338349,0.0670107204180443
2,733.53,55,7.77910911386663,0.513935931285766,0.0692991068375563
2,743.51,55,7.70054546702992,0.516386430441657,0.06962953207633
2,753.49,66,7.60519696726944,0.494908694252598,0.0609190490741871
2,763.47,55,7.5292727210305,0.540061363395192,0.0728218593845499
2,773.45,55,7.43899999098344,0.543065385326009,0.0732269216190685
2,783.43,55,7.35572724775835,0.551241148184216,0.0743293412579756
2,793.41,55,7.2704363302751,0.553851675246208,0.0746813446552059
2,803.39,66,7.17163635022712,0.519718757087405,0.0639729566998143
2,813.37,55,7.117799949646,0.554517417631681,0.0747711133401504
2,823.35,55,7.06623636592518,0.560103306261243,0.0755243144093075
2,833.33,55,7.01114546168934,0.572254712020981,0.0771628096276975
2,843.31,55,6.93027273524891,0.585181592812213,0.078905869878003
2,853.29,66,6.8158484805714,0.541615812389914,0.066668297885057
2,863.27,55,6.75223633159291,0.570784791863487,0.0769646056340946
2,873.25,55,6.66647272976962,0.556627748443913,0.075055670288822
2,883.23,55,6.57183635885065,0.545048359091725,0.0734943057470913
2,893.21,55,6.51005454496904,0.576326529075974,0.0777118533273879
2,903.19,66,6.41062121680289,0.531379952514679,0.0654083506315589
2,913.17,55,6.36874545704235,0.535444066870686,0.072199263248195
2,923.15,55,6.26910908438943,0.536608733720013,0.0723563068941214
2,933.13,55,6.17932726253163,0.538944889324849,0.0726713140516161
2,943.11,55,6.09387274655429,0.546678996871188,0.0737141809004197
2,953.09,65,6.00299999530499,0.510277127558775,0.0632920880836964
2,963.07,55,5.96138184287331,0.510138902731021,0.0687871156116808
2,973.05,54,5.88390739758809,0.514900407059859,0.0700690703137782
2,983.03,54,5.77796296720152,0.529035917663731,0.0719926696600664
2,993.01,53,5.68947169465839,0.545503127289613,0.0749306172002748
2,1002.99,65,5.61738460980929,0.505029114964714,0.0626411522344712
2,1012.97,53,5.55996225465019,0.532127412088381,0.0730933214170164
2,1022.95,55,5.49621817848899,0.508355455309825,0.0685466356104646
2,1032.93,55,5.44567272012884,0.493952105718565,0.0666044883477771
2,1042.91,55,5.38947272734209,0.473488516300821,0.0638451785135876
2,1052.89,65,5.30535388359657,0.42917784465207,0.0532329600529881
2,1062.87,55,5.25505455190485,0.432541944491207,0.0583239438971109
2,1072.85,55,5.19379999854348,0.420315665565327,0.0566753527830579
2,1082.83,54,5.10692591137356,0.413018777627663,0.0562047366319893
2,1092.81,54,5.03257403550325,0.394327528332919,0.0536611797749182
2,1102.79,65,4.96473850103525,0.384112125036637,0.0476432454814161
2,1112.77,55,4.93034546592019,0.393405632512622,0.0530468046664549
2,1122.75,54,4.86111114643238,0.364176470907923,0.0495581405584408
2,1132.73,55,4.81592724540017,0.363664188601591,0.0490364691875999
2,1142.71,56,4.75580356802259,0.35661658817613,0.0476548961212621
2,1152.69,64,4.6778125166893,0.330523983044496,0.0413154978805619
2,1162.67,55,4.64032728021795,0.340076099265437,0.0458558518703587
2,1172.65,55,4.58281813534823,0.3482641673203,0.0469599307416444
2,1182.63,55,4.51721817363392,0.340461697693174,0.045907845951748
2,1192.61,55,4.47285456223921,0.341451656716927,0.0460413319992796
2,1202.59,65,4.42410766895001,0.321727524841212,0.0399053881537227
2,1212.57,55,4.39807270223444,0.343816937349279,0.0463602663746834
2,1222.55,55,4.35596364194697,0.354789562591296,0.0478398148604891
2,1232.53,55,4.29956362030723,0.351297314002547,0.0473689201568448
2,1242.51,55,4.25034541650252,0.345797178794689,0.0466272820767113
2,1252.49,65,4.20758460851816,0.329190932936704,0.040831109995978
2,1262.47,55,4.16416364583102,0.337660294005884,0.0455301047556129
2,1272.45,55,4.10934545777061,0.306052653772596,0.0412681314159989
2,1282.43,55,4.06270910609852,0.284566643968693,0.0383709584450639
2,1292.41,55,4.01538180871443,0.282130157839854,0.0380424227224725
2,1302.39,65,3.9605230991657,0.257818882861165,0.0319784967077709
2,1312.37,55,3.92518180066889,0.273875821787169,0.0369294082761833
2,1322.35,55,3.89247273531827,0.277520368729218,0.0374208388855974
2,1332.33,55,3.87705454826355,0.28258302305992,0.0381034870562891
2,1342.31,55,3.84123637892983,0.25807802671666,0.0347992340234314
2,1352.29,65,3.79549229695247,0.235022684191643,0.0291509762561538
2,1362.27,55,3.76307270310142,0.23604659353738,0.0318285161795637
2,1372.25,55,3.72478182099082,0.237937175134209,0.0320834421500752
2,1382.23,55,3.69072727290067,0.244005203504291,0.0329016549285817
2,1392.21,55,3.66047272248702,0.251709590648807,0.033940514279221
2,1402.19,65,3.6209076991448,0.235390334220523,0.0291965776299076
2,1412.17,55,3.60327274582603,0.239500999188873,0.0322943081425894
2,1422.15,55,3.56794543266296,0.2330334954636,0.0314222301181775
2,1432.13,55,3.53254544951699,0.239682954186734,0.032318842949496
2,1442.11,55,3.49900000312112,0.238687230047309,0.0321845795339256
2,1452.09,63,3.46474602865794,0.220902342583126,0.0278310791669783
2,1462.07,55,3.44885454611345,0.233282269463628,0.0314557747974982
2,1472.05,55,3.42061816995794,0.23131705631933,0.0311907855111789
2,1482.03,55,3.37947271520441,0.225360522817045,0.0303876066975792
2,1492.01,55,3.35010906566273,0.222878772934538,0.0300529676116883
2,1501.99,65,3.32060001079853,0.205227378661734,0.0254553234427471
2,1511.97,55,3.29338182536039,0.214936286254878,0.0289820029262797
2,1521.95,55,3.26990908709439,0.211899377630014,0.0285725062508403
2,1531.93,55,3.24725453203375,0.205020049603651,0.0276448978489978
2,1541.91,55,3.22265453338623,0.197563799632017,0.0266394973079242
2,1551.89,56,3.19962500674384,0.19497398638489,0.0260544948709209
2,1561.87,55,3.16900000572205,0.191046265005039,0.0257606731181027
2,1571.85,55,3.13405456542969,0.18407169787346,0.0248202226779324
2,1581.83,55,3.10265454812483,0.181221813004477,0.0244359442805916
2,1591.81,55,3.07494546716863,0.182085481909976,0.0245524013720518
2,1601.79,65,3.05501539156987,0.162165552912567,0.0201141613150225
2,1611.77,55,3.0279454534704,0.162637690313198,0.0219300616880995
2,1621.75,55,3.0035999991677,0.160211728490862,0.0216029450627075
2,1631.73,55,2.979163646698,0.152616033845073,0.0205787418056067
2,1641.71,55,2.95861817273227,0.157734725887049,0.0212689460997451
2,1651.69,56,2.93512499758175,0.157398406216466,0.0210332467602245
2,1661.67,55,2.91714545163241,0.152621583046675,0.0205794900597981
2,1671.65,55,2.89638183333657,0.150508954612212,0.020294623299808
2,1681.63,55,2.87876363234086,0.151759792162923,0.0204632862007386
2,1691.61,55,2.86030909364874,0.1491560131389,0.0201121927087624
2,1701.59,65,2.84416924623343,0.133939875518853,0.0166131969108925
2,1711.57,55,2.82349093177102,0.141279861165598,0.0190501725933345
2,1721.55,55,2.80701818466187,0.137692293373095,0.0185664250508778
2,1731.53,55,2.79098182591525,0.13317317989339,0.0179570679135832
2,1741.51,55,2.77741817994551,0.131762804415982,0.0177668929230052
2,1751.49,56,2.76019642608506,0.124394888531529,0.016622966198247
2,1761.47,55,2.73861818747087,0.109842398844222,0.0148111460386814
2,1771.45,55,2.72020001411438,0.103269414505495,0.0139248450112529
2,1781.43,55,2.70563635392622,0.10012868258194,0.0135013488050739
2,1791.41,55,2.69281819516962,0.097703845014377,0.0131743837741646
2,1801.39,65,2.67887690984286,0.0879633264999165,0.010910507856001
2,1811.37,55,2.66530907804316,0.0889429469397827,0.0119930645187754
2,1821.35,55,2.65270908962597,0.0862044733293344,0.0116238088124707
2,1831.33,55,2.64143636876887,0.0862991743629485,0.0116365782972382
2,1841.31,55,2.63196363449097,0.0864874076355038,0.0116619596665318
2,1851.29,56,2.61991072552545,0.0851029929181548,0.0113723657888852
2,1861.27,55,2.60807271437211,0.0831731548900206,0.0112150659174972
2,1871.25,55,2.59450909007679,0.0824569190795323,0.0111184887005127
2,1881.23,55,2.58323637788946,0.0810760697455084,0.0109322950142964
2,1891.21,55,2.56996364160018,0.079360858922715,0.0107010160341318
2,1901.19,65,2.55556921592126,0.0737777383212468,0.00915100219126793
2,1911.17,55,2.54516362276944,0.075419503100253,0.0101695637234473
2,1921.15,55,2.53469091762196,0.0736339536055179,0.00992880027869298
2,1931.13,55,2.52150908383456,0.0710176811486618,0.00957602217257724
2,1941.11,57,2.50863157238877,0.0688114952568044,0.00911430520056652
2,1951.09,55,2.49829089424827,0.0704653018244887,0.00950153935970022
2,1961.07,57,2.490859650729,0.0664474570741312,0.00880118069393773
2,1971.05,54,2.48014814765365,0.065077134301534,0.00885587627562949
2,1981.03,55,2.46890908154574,0.0643302433879248,0.00867428824887316
2,1991.01,41,2.46914633890478,0.0640974033944745,0.0100103326154066
2,2000.99,25,2.42088001251221,0.0504986111665118,0.0100997222333024
2,2010.97,8,2.42900002002716,0.0717834355522338,0.025379277027926
12,4.99,146,16.7312123481541,1.73521530245945,0.143607440230838
12,14.97,133,16.4955037626109,1.81113199147584,0.157045060593278
12,24.95,121,16.4089339232642,1.83068797281426,0.166426179346751
12,34.93,120,16.2809083223343,1.84888657592966,0.168779480650861
12,44.91,123,16.0754065629913,1.77439438885372,0.159991754035367
12,54.89,121,15.5601405072803,1.69020546409053,0.153655042190048
12,64.87,120,15.2786666631699,1.74237580860647,0.159056422337511
12,74.85,123,14.9101707024303,1.70909818683364,0.154104193773306
12,84.83,122,14.7108196274179,1.66798132062954,0.151011933248181
12,94.81,113,14.4726902700103,1.62205817984627,0.15259039795137
12,104.79,121,14.2893967037359,1.58773434544427,0.144339485949479
12,114.77,119,14.1082352950793,1.59454617211998,0.146171807942447
12,124.75,121,13.9233305907446,1.60344116310734,0.145767378464303
12,134.73,119,13.7466302999929,1.61576862177529,0.148117266712675
12,144.71,119,13.5824873788016,1.55749454126334,0.142775290510575
12,154.69,120,13.4269083420436,1.54277163838879,0.140835137904124
12,164.67,120,13.2858417272568,1.53531157156019,0.14015413009037
12,174.65,121,13.1573966712006,1.52448677553978,0.138589706867253
12,184.63,117,13.0605641389504,1.51829788075265,0.140366688730307
12,194.61,121,12.9012396552346,1.46678349562283,0.13334395414753
12,204.59,120,12.7529500246048,1.43064308861111,0.130599248561862
12,214.57,119,12.6082184735466,1.39698647582,0.128061540275293
12,224.55,121,12.4134297252687,1.35341188831596,0.12303744439236
12,234.53,120,12.2638083299001,1.34145419612014,0.122457453845826
12,244.51,119,12.1326218212352,1.33439594927937,0.122323876114494
12,254.49,120,12.0002166509628,1.30948647848323,0.119539213835545
12,264.47,120,11.8657582998276,1.29147712522664,0.117895192331426
12,274.45,121,11.7222726837663,1.29620999520674,0.117837272291522
12,284.43,120,11.6433666944504,1.30597072911078,0.119218271295907
12,294.41,116,11.5269827596072,1.30585269807454,0.121245379189184
12,304.39,120,11.3868749856949,1.29055670557772,0.117811169897412
12,314.37,117,11.2760085325975,1.2774718902394,0.118102318031335
12,324.35,120,11.1326999823252,1.23742706200954,0.112961119188328
12,334.33,117,11.0498803130582,1.23393714900449,0.114077529780398
12,344.31,120,10.8950916687648,1.2202787489602,0.111395699541614
12,354.29,114,10.790245658473,1.22891898877398,0.115098808846903
12,364.27,113,10.6205221108631,1.22276991550653,0.115028517674864
12,374.25,112,10.5981964809554,1.21678325976728,0.114975210886098
12,384.23,113,10.411221200386,1.21630339641592,0.114420198729431
12,394.21,108,10.3768056498633,1.22243743570442,0.117629097095237
12,404.19,117,10.2312136919071,1.1879379883955,0.109824905877731
12,414.17,106,10.1399905996503,1.21371249895873,0.117886179120492
12,424.15,114,10.0418508596588,1.16943033003717,0.109527185474611
12,434.13,105,9.91603808630081,1.20720947550166,0.117811581520623
12,444.11,111,9.80748646538537,1.18212694646475,0.112202524323151
12,454.09,115,9.70903477046801,1.17204787173512,0.109294027588082
12,464.07,107,9.63321488817162,1.1937153044029,0.115400814229853
12,474.05,112,9.59119641780853,1.15968615578386,0.109580041681736
12,484.03,108,9.47635189692179,1.17202149681793,0.112777821113977
12,494.01,108,9.4212407845038,1.1579962918893,0.111428245140479
12,503.99,117,9.3267435660729,1.11093323382889,0.102705813799669
12,513.97,105,9.29594288326445,1.15407558206984,0.112626244473008
12,523.95,112,9.23967857445989,1.10924366317383,0.104813674147581
12,533.93,105,9.14302859987531,1.13884199238463,0.111139598344501
12,543.91,109,9.07307340901926,1.11671614634446,0.10696200780996
12,553.89,116,8.95949997161997,1.09711330793744,0.101864413367993
12,563.87,105,8.91175238291422,1.13957211174249,0.111210850697961
12,573.85,112,8.86182144709996,1.08100433804467,0.102145308737435
12,583.83,105,8.75915235791888,1.09626792872402,0.106984795161291
12,593.81,108,8.69411112644054,1.0669247203345,0.102664879081698
12,603.79,117,8.5846923436874,1.04398794321527,0.096516719493047
12,613.77,105,8.53269520714169,1.03564106691887,0.101068219275462
12,623.75,112,8.45022324579103,0.988484549254617,0.0934030104341962
12,633.73,105,8.36181905383155,1.01268853942952,0.0988282819503416
12,643.71,110,8.29329093586315,0.981673475209035,0.0935988933466525
12,653.69,115,8.17795653550521,0.958861155384966,0.0894142637831343
12,663.67,105,8.12037141890753,0.969180990578272,0.0945823799405667
12,673.65,105,8.04345708574568,0.974356032711478,0.0950874123400975
12,683.63,105,7.95948572612944,0.959540127764327,0.0936415280682251
12,693.61,109,7.86931194515403,0.945074772663491,0.0905217458756495
12,703.59,116,7.75619829523152,0.937323652583722,0.0870283163239419
12,713.57,105,7.68594284057617,0.945987101653152,0.0923188881511682
12,723.55,105,7.59760954266503,0.927595803758743,0.0905240812554911
12,733.53,105,7.51355237506685,0.913729935544918,0.0891709110753544
12,743.51,108,7.43279631491061,0.892316976770751,0.085863241123511
12,753.49,117,7.32676065885104,0.869857760209782,0.0804183783794007
12,763.47,105,7.27939999898275,0.885621491323551,0.0864278077987442
12,773.45,105,7.20465715499151,0.890165648883028,0.0868712721681226
12,783.43,105,7.13790475754511,0.889221284735555,0.0867791116640817
12,793.41,108,7.06706481509739,0.875797271296289,0.0842736317230754
12,803.39,117,6.95828205907447,0.859928905978346,0.0795004554809892
12,813.37,105,6.90267618724278,0.87632324009565,0.085520391393584
12,823.35,104,6.80791345009437,0.87021704118986,0.0853318014247706
12,833.33,105,6.72740002132597,0.858255243765697,0.0837571354999405
12,843.31,108,6.65541666525382,0.84703241575253,0.0815057322078437
12,853.29,117,6.54083760579427,0.827559089029928,0.0765078648454788
12,863.27,105,6.48384763626825,0.844207049735315,0.082386172142036
12,873.25,105,6.41501905350458,0.8335830451983,0.0813493754617681
12,883.23,105,6.33964761098226,0.818217715100694,0.079849872785455
12,893.21,108,6.25248150913804,0.793310995694802,0.0763363861525807
12,903.19,116,6.17349135875702,0.772164812572958,0.0716937029995777
12,913.17,105,6.12962856746855,0.790948534330522,0.0771886732351692
12,923.15,103,6.07511651400223,0.762272534772954,0.07510894464523
12,933.13,105,5.98053334554036,0.758733670508152,0.0740448244397413
12,943.11,107,5.91723366318462,0.750066147796422,0.0725116314272719
12,953.09,117,5.81267522746681,0.719920602295251,0.0665566832266268
12,963.07,104,5.77190383581015,0.728644137892148,0.0714494361072511
12,973.05,106,5.70905660683254,0.713418087578603,0.0692932902415053
12,983.03,104,5.6476923089761,0.708021611580192,0.0694272310287079
12,993.01,99,5.5463333418875,0.70951142908337,0.0713085816587392
12,1002.99,118,5.46891525640326,0.669055519172352,0.0615915528914852
12,1012.97,102,5.42650000254313,0.685752031860225,0.0678995689437664
12,1022.95,105,5.36351429621379,0.668041345752437,0.065194159805244
12,1032.93,105,5.29286667960031,0.656999081765582,0.0641165451822151
12,1042.91,108,5.22258332040575,0.642126278386084,0.0617886299466564
12,1052.89,117,5.1206239390577,0.612715340546865,0.0566455532719257
12,1062.87,105,5.08319047065008,0.632005761117671,0.0616774468378628
12,1072.85,105,5.01149524507068,0.630650461769104,0.0615451831645495
12,1082.83,105,4.94942856289092,0.624219151871179,0.0609175515846955
12,1092.81,105,4.87373334112621,0.590802002629675,0.057656371746444
12,1102.79,117,4.82887181053814,0.590162905081483,0.0545605798755916
12,1112.77,105,4.78708571025303,0.602319502444395,0.058780364637381
12,1122.75,105,4.72408572151547,0.589344406675601,0.0575141249466529
12,1132.73,105,4.65807618413653,0.585977889218162,0.0571855864834232
12,1142.71,107,4.59664485387713,0.571808272499355,0.0552787921763293
12,1152.69,117,4.52247864975889,0.541553287176749,0.0500666191105601
12,1162.67,105,4.47895237150646,0.547356387628162,0.0534165138615169
12,1172.65,105,4.43193332354228,0.529714507565111,0.0516948426574688
12,1182.63,105,4.3822952406747,0.507972622821682,0.0495730519667537
12,1192.61,108,4.32746297121048,0.477351145727597,0.0459331354139674
12,1202.59,117,4.26570941036583,0.453980010783767,0.0419704668440145
12,1212.57,105,4.225999997911,0.449219816992409,0.0438393652172818
12,1222.55,105,4.17052379789807,0.430912641803754,0.0420527678570729
12,1232.53,105,4.13328569275992,0.427286001948431,0.0416988440471361
12,1242.51,108,4.09537963513975,0.410642007324427,0.039514045578221
12,1252.49,117,4.04944445740463,0.399464780915431,0.0369305320598096
12,1262.47,105,4.02543810208638,0.405598430896191,0.0395823538299403
12,1272.45,105,3.97646666254316,0.397450539549636,0.0387872010539924
12,1282.43,105,3.92414287158421,0.388574613619522,0.037920999377724
12,1292.41,108,3.87892591511762,0.383001156564149,0.0368543034737083
12,1302.39,116,3.82648277077182,0.378844588975716,0.0351748370331959
12,1312.37,105,3.79580953007653,0.386845069276741,0.0377522131326952
12,1322.35,105,3.75599047797067,0.384288565814746,0.0375027239411898
12,1332.33,105,3.72915239107041,0.371399009573048,0.036244832053535
12,1342.31,108,3.69120370017158,0.353772267800918,0.034041752341114
12,1352.29,116,3.63793965454759,0.33437012547674,0.0310454867633533
12,1362.27,105,3.60873334294274,0.334268887885716,0.0326213032072095
12,1372.25,105,3.57212382044111,0.33855812193169,0.0330398895890455
12,1382.23,105,3.54535238629296,0.332784281403497,0.0324764204497798
12,1392.21,108,3.51623147505301,0.323503706237408,0.0311291586466682
12,1402.19,116,3.47199999669503,0.314139908366271,0.0291671582594914
12,1412.17,105,3.44651429085504,0.31707240852628,0.0309430986610764
12,1422.15,105,3.4149523803166,0.305827962876033,0.0298457531280422
12,1432.13,105,3.38461904071626,0.296818301962647,0.0289665002537807
12,1442.11,108,3.3602870437834,0.285510193289917,0.0274732311587192
12,1452.09,116,3.32189656948221,0.268903879471157,0.0249670984177588
12,1462.07,105,3.29333333742051,0.263090837558977,0.0256750367565896
12,1472.05,105,3.26106666610354,0.256270652480563,0.025009454845035
12,1482.03,105,3.23433333124433,0.253090810416411,0.0246991340347979
12,1492.01,108,3.21068519133109,0.242649840684601,0.0233489918063457
12,1501.99,116,3.17285344312931,0.238344706343253,0.0221297504235602
12,1511.97,105,3.15110476357596,0.240054433503697,0.0234269139167876
12,1521.95,105,3.13202857744126,0.23260207220575,0.0226996379233571
12,1531.93,105,3.11318094616845,0.227871876537581,0.0222380180935945
12,1541.91,105,3.09524761154538,0.227793307226852,0.0222303505139872
12,1551.89,110,3.06739999597723,0.223057363122571,0.0212676850993141
12,1561.87,105,3.05261905533927,0.22173703630266,0.0216393189903158
12,1571.85,105,3.02719999267941,0.218774702062944,0.0213502247702521
12,1581.83,105,3.00337141809009,0.212708587567146,0.0207582326123557
12,1591.81,107,2.97985047046269,0.206112390101038,0.0199256368355088
12,1601.79,116,2.95538792116889,0.199289644461221,0.0185035789617054
12,1611.77,105,2.93929524421692,0.198432789643793,0.0193650573888758
12,1621.75,105,2.91764761833918,0.19542587109889,0.0190716121861437
12,1631.73,105,2.89639047895159,0.188626501318058,0.018408061639632
12,1641.71,105,2.87538097245353,0.175453223590096,0.017122481370063
12,1651.69,110,2.85148182348772,0.173813768825495,0.0165724926070891
12,1661.67,105,2.84036189715068,0.167766497046324,0.0163723336705827
12,1671.65,105,2.81844762166341,0.161005079136237,0.0157124868474138
12,1681.63,105,2.79834284555344,0.154557845282906,0.0150833012486356
12,1691.61,108,2.77766666368202,0.150527282120763,0.0144844944754676
12,1701.59,116,2.75716379182092,0.145043606393236,0.0134669607698055
12,1711.57,105,2.74473333131699,0.141567823558569,0.0138156049337972
12,1721.55,105,2.72946667217073,0.141879822128087,0.0138460528764725
12,1731.53,104,2.71485576950587,0.141816402378502,0.0139062423668367
12,1741.51,105,2.70150475729079,0.140524635744231,0.0137138002273861
12,1751.49,110,2.68072726293044,0.138311170965593,0.0131874527190444
12,1761.47,105,2.67106666792007,0.134335490455701,0.0131098014935295
12,1771.45,105,2.65698095730373,0.132832243075414,0.0129630995707214
12,1781.43,105,2.64197143373035,0.131444449968595,0.0128276648313032
12,1791.41,108,2.62865740943838,0.126892353884422,0.012210222445546
12,1801.39,116,2.61484481548441,0.122506262176761,0.0113744208918601
12,1811.37,105,2.60698094367981,0.122948156203638,0.0119985114608018
12,1821.35,104,2.59313461642999,0.119368084667874,0.0117050037119555
12,1831.33,105,2.58007618132092,0.115445849511687,0.011266361296006
12,1841.31,105,2.56775237719218,0.109309009854459,0.0106674670690898
12,1851.29,110,2.55219090635126,0.105895872862255,0.0100967753129667
12,1861.27,105,2.5435618968237,0.100591133505515,0.00981668945260075
12,1871.25,105,2.53257141794477,0.0987515145797853,0.00963716102821906
12,1881.23,105,2.51922856285459,0.0972861762248292,0.00949415864746947
12,1891.21,108,2.50699074621554,0.0938492959274426,0.00903065271116097
12,1901.19,117,2.49377777230026,0.0919511795346755,0.00850088955517096
12,1911.17,103,2.48657280958972,0.0929945888838827,0.00916302911381413
12,1921.15,105,2.47563809213184,0.0922074497609107,0.0089985256948071
12,1931.13,106,2.4654150976325,0.0899357293410718,0.00873533024297725
12,1941.11,106,2.45668867848954,0.0867302760631797,0.0084239890978509
12,1951.09,110,2.44415454214269,0.0879039489860538,0.00838131268051553
12,1961.07,105,2.43659049442836,0.0853128481035337,0.00832568146876857
12,1971.05,100,2.4275800037384,0.084863547434583,0.0084863547434583
12,1981.03,99,2.42176768274018,0.0783073363854463,0.00787018342795971
12,1991.01,79,2.40975948225094,0.0714010292536455,0.00803324341269416
12,2000.99,51,2.41352940540688,0.0595544769973754,0.00833929480541291
12,2010.97,14,2.43407142162323,0.0724361641597234,0.0193593791926999
